Alice,29,"[{""Name"":""PS4""},{""Name"":""Switch""}]"
Ambrose,20,"[{""Name"":""PS4""}]"
Djamila,43,"[{""Name"":""PS4""},{""Name"":""Switch""}]"
Andrew,,"[{""Name"":""Switch""}]"
Kévin,17,"[]"
Alice,29,"[{""Name"":""PS4""},{""Name"":""Switch""}]"
Ambrose,20,"[{""Name"":""PS4""}]"
Djamila,43,"[{""Name"":""PS4""},{""Name"":""Switch""}]"
Andrew,,"[{""Name"":""Switch""}]"
Kévin,17,"[]"
Alice,29,"[{""Name"":""PS4""},{""Name"":""Switch""}]"
Ambrose,20,"[{""Name"":""PS4""}]"
Djamila,43,"[{""Name"":""PS4""},{""Name"":""Switch""}]"
Andrew,,"[{""Name"":""Switch""}]"
Kévin,17,"[]"
Alice,29,"[{""Name"":""PS4""},{""Name"":""Switch""}]"
Ambrose,20,"[{""Name"":""PS4""}]"
Djamila,43,"[{""Name"":""PS4""},{""Name"":""Switch""}]"
Andrew,,"[{""Name"":""Switch""}]"
Kévin,17,"[]"
Alice,29,"[{""Name"":""PS4""},{""Name"":""Switch""}]"
Ambrose,20,"[{""Name"":""PS4""}]"
Djamila,43,"[{""Name"":""PS4""},{""Name"":""Switch""}]"
Andrew,,"[{""Name"":""Switch""}]"
Kévin,17,"[]"
Alice,29,"[{""Name"":""PS4""},{""Name"":""Switch""}]"
Ambrose,20,"[{""Name"":""PS4""}]"
Djamila,43,"[{""Name"":""PS4""},{""Name"":""Switch""}]"
Andrew,,"[{""Name"":""Switch""}]"
Kévin,17,"[]"
Alice,29,"[{""Name"":""PS4""},{""Name"":""Switch""}]"
Ambrose,20,"[{""Name"":""PS4""}]"
Djamila,43,"[{""Name"":""PS4""},{""Name"":""Switch""}]"
Andrew,,"[{""Name"":""Switch""}]"
Kévin,17,"[]"
Alice,29,"[{""Name"":""PS4""},{""Name"":""Switch""}]"
Ambrose,20,"[{""Name"":""PS4""}]"
Djamila,43,"[{""Name"":""PS4""},{""Name"":""Switch""}]"
Andrew,,"[{""Name"":""Switch""}]"
Kévin,17,"[]"
Alice,29,"[{""Name"":""PS4""},{""Name"":""Switch""}]"
Ambrose,20,"[{""Name"":""PS4""}]"
Djamila,43,"[{""Name"":""PS4""},{""Name"":""Switch""}]"
Andrew,,"[{""Name"":""Switch""}]"
Kévin,17,"[]"
Alice,29,"[{""Name"":""PS4""},{""Name"":""Switch""}]"
Ambrose,20,"[{""Name"":""PS4""}]"
Djamila,43,"[{""Name"":""PS4""},{""Name"":""Switch""}]"
Andrew,,"[{""Name"":""Switch""}]"
Kévin,17,"[]"
Alice,29,"[{""Name"":""PS4""},{""Name"":""Switch""}]"
Ambrose,20,"[{""Name"":""PS4""}]"
Djamila,43,"[{""Name"":""PS4""},{""Name"":""Switch""}]"
Andrew,,"[{""Name"":""Switch""}]"
Kévin,17,"[]"
Alice,29,"[{""Name"":""PS4""},{""Name"":""Switch""}]"
Ambrose,20,"[{""Name"":""PS4""}]"
Djamila,43,"[{""Name"":""PS4""},{""Name"":""Switch""}]"
Andrew,,"[{""Name"":""Switch""}]"
Kévin,17,"[]"
Alice,29,"[{""Name"":""PS4""},{""Name"":""Switch""}]"
Ambrose,20,"[{""Name"":""PS4""}]"
Djamila,43,"[{""Name"":""PS4""},{""Name"":""Switch""}]"
Andrew,,"[{""Name"":""Switch""}]"
Kévin,17,"[]"
Alice,29,"[{""Name"":""PS4""},{""Name"":""Switch""}]"
Ambrose,20,"[{""Name"":""PS4""}]"
Djamila,43,"[{""Name"":""PS4""},{""Name"":""Switch""}]"
Andrew,,"[{""Name"":""Switch""}]"
Kévin,17,"[]"
Alice,29,"[{""Name"":""PS4""},{""Name"":""Switch""}]"
Ambrose,20,"[{""Name"":""PS4""}]"
Djamila,43,"[{""Name"":""PS4""},{""Name"":""Switch""}]"
Andrew,,"[{""Name"":""Switch""}]"
Kévin,17,"[]"
Alice,29,"[{""Name"":""PS4""},{""Name"":""Switch""}]"
Ambrose,20,"[{""Name"":""PS4""}]"
Djamila,43,"[{""Name"":""PS4""},{""Name"":""Switch""}]"
Andrew,,"[{""Name"":""Switch""}]"
Kévin,17,"[]"
Alice,29,"[{""Name"":""PS4""},{""Name"":""Switch""}]"
Ambrose,20,"[{""Name"":""PS4""}]"
Djamila,43,"[{""Name"":""PS4""},{""Name"":""Switch""}]"
Andrew,,"[{""Name"":""Switch""}]"
Kévin,17,"[]"
Alice,29,"[{""Name"":""PS4""},{""Name"":""Switch""}]"
Ambrose,20,"[{""Name"":""PS4""}]"
Djamila,43,"[{""Name"":""PS4""},{""Name"":""Switch""}]"
Andrew,,"[{""Name"":""Switch""}]"
Kévin,17,"[]"
Alice,29,"[{""Name"":""PS4""},{""Name"":""Switch""}]"
Ambrose,20,"[{""Name"":""PS4""}]"
Djamila,43,"[{""Name"":""PS4""},{""Name"":""Switch""}]"
Andrew,,"[{""Name"":""Switch""}]"
Kévin,17,"[]"
Alice,29,"[{""Name"":""PS4""},{""Name"":""Switch""}]"
Ambrose,20,"[{""Name"":""PS4""}]"
Djamila,43,"[{""Name"":""PS4""},{""Name"":""Switch""}]"
Andrew,,"[{""Name"":""Switch""}]"
Kévin,17,"[]"